Games with Regional Prices in CAD,USD,CAD,UAH,TRY,ARS,BRL,AUD,JPY,KRW,CNY,PLN,MXN,INR,SAR,ZAR,PHP,VND,IDR,KZT,MYR,CLP,TWD,Lowest Regional Price
PEAK,10.963079,10.49,5.220705845190747,5.474679000000001,5.474679000000001,5.927622229025229,10.5360550996483,8.120196184318571,8.287660254854591,6.306660538191543,9.389298447383554,6.591711412083131,5.713058465078571,7.314207733333334,6.202142566559689,5.984964579260474,5.207908148286635,5.886089460694326,5.661346943781881,7.106262276549143,5.976828719875345,7.43604522354433,VND
RimWorld,38.405079,31.99,12.312985483940443,19.744519000000004,19.744519000000004,20.159845671786933,32.13541487560245,28.789786471674933,29.59878662448068,19.56975876093376,40.57424327062625,22.85307304651424,19.096574256530047,21.06082026666667,19.536749084663022,20.19024195413172,18.7274272807075,19.17202404246983,18.11631022010202,21.716272168444856,20.491984182429757,19.782686349429255,UAH
Clair Obscur Expedition 33,61.730779000000005,58.49,43.73572443895645,43.207429,43.207429,44.05070825304785,56.25484889930963,62.11950081003707,48.660405210646246,37.49596356342972,60.52885073523372,46.806351731538186,42.25117054257273,55.652376,43.88791133661801,38.93832376868261,36.45535703800645,37.76400772579353,39.53421504423683,40.42716738500671,43.417391486523044,41.57637863981704,VND
Ready or Not,68.59127900000001,59.989999999999995,20.52164247323407,39.777179000000004,45.265579,32.613041184203425,65.6827862446268,65.9765939975884,52.29118970324921,30.386637138559255,63.869021331361765,30.39775884987642,31.748054701481205,65.84250533333334,37.91059643809611,24.036002326347287,20.98944799157947,21.526493462024984,19.814714303236585,32.315881203042935,33.86869607929363,39.56537269885851,KZT
HELLDIVERS 2,54.870279000000004,49.99,39.36871892065224,54.870279000000004,54.870279000000004,49.293898903315274,53.573918848508534,41.33918057471272,44.20085469255782,37.83996322914926,63.49705632684357,51.20131433543848,39.768615889223824,64.03133333333334,55.74175631695521,47.8316446294311,NA,48.68706406865833,43.10086361881942,54.61383923314257,39.84552479916896,55.65342022652674,CNY
Dead by Daylight,27.428279,25.99,14.086055393627865,20.567779,20.567779,14.817820136500336,25.870974990230557,18.270441414716785,21.21246374754449,17.916649256225973,27.04824310632821,21.963825612991744,18.444107969431936,21.935305333333336,16.97836527595715,12.979441256227535,17.88574515573188,18.490152880927944,15.89551821442758,14.542146541369323,17.06811515861545,17.724912828448435,PHP
ELDEN RING NIGHTREIGN,54.870279000000004,53.49,39.36871892065224,35.660879,43.893479,48.898559363238554,49.10570209717337,52.78127519807071,49.13398579663793,37.83996322914926,63.49705632684357,48.271339266171616,39.768615889223824,47.84055333333334,58.06755977941509,43.24076818509877,36.29754163957352,33.551189228660924,50.94954915451702,38.455898631621096,45.53631957316457,55.65342022652674,IDR
Dune Awakening,68.59127900000001,64.99,37.726987522793515,41.149279,41.149279,44.22861104608238,66.97856910251402,46.045203363351895,49.232648418719535,30.577748063959,78.52594539828583,58.526252008605645,44.54275945335633,65.49490666666668,54.19122067531529,43.24076818509877,41.55805492067113,48.68706406865833,40.9160983664236,54.61383923314257,49.80690599896121,56.074328446727364,CNY
Red Dead Redemption 2,20.567779,19.99,21.30967354420626,20.567779,20.567779,18.524128324719527,20.089102514002867,19.876025660252502,18.005928529892415,13.329987046632127,23.471367507324956,21.956500675318576,19.87635103867169,20.947393333333334,22.269568153053385,20.424592976813607,17.85944258932639,18.47838053383017,19.29747305973651,20.11663604889423,19.206966007656558,20.905108269964245,CNY
Baldurs Gate 3,82.312279,79.99,29.51833053349989,48.00977900000001,48.00977900000001,49.414971637463765,80.38321935651948,78.4244856483222,65.1173305738575,56.951055769123634,93.55483446972809,95.15094037444148,47.72552182944467,83.78957333333334,61.9438988835149,62.46957004617659,52.07908148286636,58.86165140068526,36.02675327861197,70.77177983466404,56.920755230069986,74.78136045564392,UAH
DELTARUNE,34.288779,32.99,16.384479350630084,17.137529,17.137529,18.28198285642254,33.0558675263775,36.72543274271354,29.40146138031748,18.728870689174887,31.184944823242695,20.87607236852642,17.489279256605435,21.949941066666668,18.21879378926909,18.387541779655674,16.886247632323332,17.406171977803464,17.24137478333573,19.712687533856194,18.499707942471307,25.675401432237965,UAH
Satisfactory,38.405079,36.39,17.0083372818164,18.235209,18.235209,18.677322396499257,36.59469519343494,29.066611341594886,29.00681089199107,18.193760098055606,48.65227114652647,21.021838628222447,17.82346930609471,19.4508896,17.908686660941104,18.50772179128741,17.307088694811142,17.658436558470086,16.752440274554566,19.90658282107445,18.92662427960526,19.59561602934009,KZT
Cyberpunk 2077,82.312279,79.99,45.93564451208714,61.730779000000005,61.730779000000005,49.392733788334446,80.38321935651948,80.99895693857773,65.1173305738575,56.951055769123634,74.76872313042527,95.15094037444148,47.72552182944467,83.78957333333334,61.9438988835149,62.46957004617659,52.07908148286636,58.86165140068526,46.31753801869549,70.77177983466404,56.920755230069986,74.78136045564392,UAH
Rust,54.870279000000004,51.99,22.951404942064983,26.056179,26.056179,29.647994633628066,53.573918848508534,42.44648005439253,41.43830127427296,26.37330770516464,45.08290999205893,32.88897015252057,27.0534801967509,32.92674106666667,26.281579125796686,20.19024195413172,24.72441242115877,26.067340002217758,27.020064958958976,28.761134270708215,30.59567082793331,35.02891743669625,PHP
REPO,13.707279000000002,12.99,7.387791290364265,7.944459000000001,7.944459000000001,8.151407141956746,12.957828578871956,11.072994796798051,10.852888428976252,8.026658866789237,17.279465209890745,9.082190220959967,7.638629702612018,8.228941066666666,7.752678208199613,8.052060779326341,7.469928859158609,7.651941525360691,7.462684607712479,8.644498221813986,8.18256312840077,8.79230504419078,UAH
Date Everything,41.149279,38.99,35.4285635657913,27.428279,27.428279,26.438331742630243,39.27562524423603,31.373485257594478,33.05197839733677,24.844420301966686,45.08290999205893,26.369043129634477,38.17723470117966,40.24460773333333,41.786935542195906,27.61736667297303,31.56307968658567,35.23286901157819,28.818829283369674,33.93167526319509,34.00957847054783,42.04405444003995,CNY
Schedule I,27.428279,25.99,13.626370602227421,14.393329000000001,14.393329000000001,14.822761880751294,26.362478832877425,21.223240027196265,21.21246374754449,14.524430330380524,34.56268764204935,16.70012540105382,14.0041544547887,14.983332,14.342454685169283,14.782141430703582,13.677334530853791,13.958556042026276,13.381365503484446,15.83478178949104,14.942071799688364,15.339766247311573,KZT
ELDEN RING,82.312279,79.99,59.06949569495695,54.870279000000004,65.84707900000001,67.82543984441124,80.38321935651948,83.23201088926535,63.93337910887828,56.951055769123634,93.55483446972809,71.71113982030654,57.273808957709704,91.10744000000001,65.82023798761472,57.66236958090714,52.07908148286636,50.368827939769155,46.31753801869549,64.30860359405546,64.74755474419246,83.71396823990158,KZT
Lies of P,41.149279,39.99,26.661717901225707,24.684079,24.684079,30.873547207865883,40.1871414615084,38.57093187551321,31.96668955443914,28.475527884561817,51.658048960814924,43.94962603900299,29.440551978817155,30.186200000000003,31.747217262577408,29.444102849775426,27.617694725762462,36.5783641966604,28.306734718909404,41.041169127864535,25.472674782325875,30.165089114377942,TRY
American Truck Simulator,6.846779000000001,6.49,3.2834627957174516,3.457692,3.457692,3.827380922367687,6.586151491468022,6.413109486478872,6.117082569059341,4.204440358794362,7.510687313453271,4.485791831047572,3.660176732501592,5.3896088,4.244591318989287,3.8758053751235,3.682359296768328,3.6997964282502553,3.3453413758711115,4.362643962410797,3.8778233956334085,5.004131062385177,UAH
The Elder Scrolls Online,27.428279,24.99,19.66794214634753,16.451479000000003,16.451479000000003,15.195863571698693,31.232835091832747,20.72495526134035,21.705776857952504,15.86220680817873,30.020205920205925,26.296526246670123,25.446185196826285,32.92674106666667,23.18050784251684,22.113122140239504,23.67230976493925,22.36745948577395,17.24137478333573,25.526314562283616,21.33158631212653,28.013780433352533,BRL
REMATCH,41.149279,38.99,22.327547010878668,20.567779,20.567779,21.990761916767216,39.27562524423603,34.14173395679399,31.57203906611273,20.639979943172325,33.43927818395904,24.53854120511,20.687955444574218,32.564506666666674,30.142412873480094,21.87276211697603,20.252976132225804,20.685611526469568,23.160055679107693,23.267434466190917,22.05734408525425,22.822579050878193,VND
The Outlast Trials,21.939879,20.79,9.719049875323657,10.414239,10.414239,10.671696709945797,20.911254396248534,16.609492195197074,16.575320509709183,10.39643434174606,27.799687559900324,12.012165290226834,10.184839603482692,11.115839466666667,10.233535234823488,10.575841023592805,9.88976496846351,10.090499138471383,9.572823014031181,11.375190183471116,10.815213874060149,11.17745162532764,KZT
ARK Survival Ascended,61.730779000000005,60.0,54.01296298955207,28.800379,28.800379,54.35918676054818,62.555034518692196,62.37787068862902,60.18419946977738,47.39550949913645,78.33432706262495,60.430735803629105,58.88110395763431,60.372400000000006,66.67303259051667,61.53216595544905,57.86564609207373,60.12305839221193,55.27533288747036,69.47914458654232,59.19906541590818,68.2806668325454,TRY
Warhammer 40000 Darktide,21.939879,19.99,9.948892271023878,13.707279000000002,13.707279000000002,14.820291008625816,21.429567539403415,19.193190981116622,17.364621486362,14.37154159006073,25.545354199183986,23.41050080344226,13.98824064290826,23.270816000000003,18.57541698684627,15.373427087931724,13.992965327719647,14.799437977581688,13.378792163964546,16.674994700770156,15.936786865210475,21.466319230231743,UAH
Stellar Blade,82.312279,79.99,65.63642128639185,82.312279,82.312279,61.747094415731766,98.2560863618601,73.63541539870704,61.960126667246236,51.21772800713132,112.34094580903093,73.17612735493996,76.37038321423975,109.40210666666668,100.70728992451295,71.86764695577838,NA,73.91352213532068,72.05093321770403,80.46654419557692,59.768287198753455,69.68369423321415,CNY
Black Desert,13.707279000000002,12.99,4.892359565619003,6.846779000000001,4.925839,4.314142731087141,11.608427119968738,8.304746097598537,NA,NA,16.907500205372546,15.309119736919374,NA,9.129038666666668,6.124615784477694,4.565638641889667,4.2084106248780895,4.120237396027961,4.889345087811624,5.0089615864716555,5.865830472220518,9.353516004458276,IDR
Phasmophobia,27.428279,25.99,13.626370602227421,14.393329000000001,14.393329000000001,14.822761880751294,26.362478832877425,21.223240027196265,21.21246374754449,14.524430330380524,34.56268764204935,16.70012540105382,14.0041544547887,14.983332,14.342454685169283,14.782141430703582,13.677334530853791,13.958556042026276,13.381365503484446,15.83478178949104,14.942071799688364,15.339766247311573,KZT
NBA 2K25,13.432859,12.59,9.160861200051688,13.432859,13.432859,12.102331670598405,12.502070470235768,11.368274658046,11.464596685882185,7.973147807677309,16.779754648265286,12.203346163496496,8.895820841166914,13.318517333333334,13.556333114857841,9.82591775101077,8.91657001146045,9.406105331122834,9.00411498013309,10.812893850538169,12.549917257281113,13.656133366509083,CNY
Fallout 76,54.870279000000004,54.99,17.500856701174015,32.916679,32.916679,38.29851794493167,49.10570209717337,44.291979187192204,43.90486682631302,31.533302690957715,63.83520633095102,52.66630187007191,39.768615889223824,53.05453333333333,45.66327464629571,44.34642429211074,47.3446195298785,44.7349189715479,34.74008351866154,51.05909230080785,38.136436396176045,56.074328446727364,UAH
FINAL FANTASY XIV Online,27.428279,24.99,10.244403922638448,21.939879,21.939879,13.09315139291567,25.870974990230557,22.330539506876068,NA,NA,15.776576302746518,20.1435786012097,11.442030742037586,15.001626666666668,11.163856619807442,NA,NA,NA,10.151824406008872,NA,16.29397353394588,NA,KZT
Split Fiction,68.59127900000001,64.99,42.6521817163697,68.59127900000001,68.59127900000001,49.1703552970413,62.510352351178845,63.66972008158879,55.25106836569728,37.83996322914926,82.62131767025384,65.85118968177281,39.768615889223824,69.15384,62.0175493264928,60.06596981354187,47.29201439706753,47.846182133102914,46.31753801869549,51.38225111283827,63.89514512438167,70.10460245341478,CNY
Persona 3 Reload,43.207429,42.07,29.51833053349989,43.207429,37.032979,33.344419333345336,43.40425752246971,40.194971112376926,35.42974758950338,25.627975096105633,50.55342561406392,36.225479262648214,31.493433711394136,NA,45.318280466030835,30.231281925963298,28.406771717927104,29.47711625089495,40.53009743843846,34.75573023387268,33.93273352986371,39.75244301894767,CNY
F1 25,82.312279,79.99,49.21910730780459,82.312279,82.312279,61.52471592443861,80.38321935651948,77.51096357758635,65.1173305738575,56.951055769123634,101.40742900955667,80.50106502810715,47.72552182944467,83.78957333333334,77.52290574289202,72.0839709767155,52.55252767816514,55.41411955310163,77.19761225750574,64.30860359405546,76.70263523840026,84.13487646010219,INR
Risk of Rain 2,11.306104000000001,9.56,3.5461398193748477,5.653052000000001,5.653052000000001,4.889855936323856,10.598610134166991,7.824916323070622,8.465252974601475,5.045328430553234,11.15519291327802,5.655584377452368,3.771573415664684,8.6936256,6.882052445418796,4.362053702185505,3.813872128795768,3.3298083766058744,2.8023667371720307,4.6922659506818345,5.635295650168183,9.072910524324527,KZT
BeamNGdrive,27.428279,23.99,13.5278667183559,13.707279000000002,10.963079,11.85771533017594,26.094385827797318,20.66959028735636,21.31112636962609,10.39643434174606,27.04824310632821,16.582926398283142,14.0041544547887,15.071146400000002,14.264927903087285,14.71003342372454,13.519519132420863,13.92492076460406,10.290784740083518,15.770150027084952,14.799766353977045,15.24623108726699,KZT
Stardew Valley,20.567779,16.99,7.519129802192963,8.218879000000001,6.846779000000001,6.174709441573176,15.183000521036861,13.656693582717596,15.786019533056365,9.173324419187699,20.2852430241792,10.986674015983432,7.622715890731577,17.196986666666668,12.326758351037384,10.093919176949543,8.679846913811058,9.75414636424922,6.176014847762051,10.017923172943311,10.672908428348832,18.61349684887197,BRL
Factorio,48.023500000000006,45.0,9.850388387152355,23.3257,23.3257,25.20042480776503,44.68216751335157,36.9099826559935,39.46504883264091,24.844420301966686,48.84388948218736,29.29975069266866,23.87071782066256,43.9072,23.25803462459884,24.036002326347287,23.67230976493925,25.22645806666235,20.58671615920684,27.4684990225865,25.614980228037194,28.060548013374827,UAH
No Mans Sky,32.916679,31.189999999999998,14.77558258072853,32.916679,32.916679,16.011251373106916,31.438373062394163,23.991488726395776,24.862980764563773,13.377764777982062,41.32568772419836,18.01861418222391,15.277259405224036,16.823775466666667,15.474345703566424,16.056049553999987,14.834647452695265,15.135790751803853,14.410701311444788,17.192048800018846,16.222820811090223,16.789561228002604,CNY
Persona 5 Royal,32.916679,31.99,24.921482619495453,32.916679,27.977119000000002,24.698837766292705,33.94057444314185,28.33763918413901,27.546604085183358,20.48709120285253,38.92482269503546,29.27045094197599,27.992395097696964,36.589333333333336,33.15045201826154,30.71801097307183,29.03803331165882,26.84095138292874,30.88007423881026,32.57440825266728,27.316953358744552,33.48558729596063,CNY
DayZ,34.288779,33.99,19.66794214634753,34.288779,34.288779,18.529070068970487,31.268580825843433,28.605236558394964,29.10547351407267,22.837755585269377,35.68985432240751,25.60065716771924,27.833256978892546,34.57692,27.095610337657646,28.83118479045357,28.932823046036866,27.32857881735732,23.03138870311265,27.465267434466192,23.480398542367425,35.02891743669625,BRL
iRacing,13.707279000000002,12.99,7.387791290364265,7.944459000000001,7.944459000000001,8.151407141956746,14.289357170769833,11.958834380541894,10.852888428976252,8.026658866789237,17.279465209890745,9.082190220959967,7.638629702612018,12.074480000000001,10.077706402838677,8.052060779326341,9.20589824192082,7.651941525360691,7.720018559702565,8.644498221813986,8.18256312840077,13.001387246197005,UAH
Arma Reforger,52.455383,49.99,29.51833053349989,27.428279,27.428279,37.06061101006646,43.63660479353914,45.21472875359204,44.29951731463942,28.475527884561817,48.8401322599195,41.75141224328552,41.35999707726799,51.206772,41.01166772137595,40.86000215467407,27.88072038981734,42.04401268957702,37.3134230385624,38.61747803763631,30.59567082793331,56.074328446727364,TRY
Assassins Creed Shadows,72.021529,67.49,49.21910730780459,57.61447900000001,57.61447900000001,64.85792242171041,66.98750553601667,67.74827316507607,58.45760358334935,49.87995152933311,81.68952654782443,76.85690853570648,58.46734484874283,73.81898,72.62321311530987,52.260278058060585,46.95008103379618,50.38984998815803,50.17754729854677,57.92621705645447,64.03602751563587,69.77722939325875,VND
Sons Of The Forest,41.149279,38.99,19.70077677430471,20.567779,20.567779,21.988291044641734,39.27562524423603,31.373485257594478,31.57203906611273,20.639979943172325,52.22163230099401,24.537808711342684,20.687955444574218,22.498781066666666,20.932231162138955,21.87276211697603,20.252976132225804,20.685611526469568,19.557380351246497,23.267434466190917,22.05734408525425,22.822579050878193,KZT
Stellaris,54.870279000000004,52.99,32.145100770073846,32.916679,32.916679,35.57808773477878,50.89298879770744,49.73620162895125,43.41155371590501,32.10663546715695,69.50485473315261,44.97511731324639,34.99447232509131,43.9072,39.073498169326044,38.43356771982931,34.92980818648814,36.0737509471336,33.96808166269128,44.27275724816882,40.1301356905916,47.60939646269263,CNY
Palworld,41.149279,38.99,19.70077677430471,20.567779,20.567779,21.988291044641734,39.27562524423603,31.373485257594478,31.57203906611273,20.639979943172325,52.22163230099401,24.537808711342684,20.687955444574218,22.498781066666666,20.932231162138955,21.87276211697603,20.252976132225804,20.685611526469568,19.557380351246497,23.267434466190917,22.05734408525425,22.822579050878193,KZT
Call of Duty Black Ops 6,96.033279,89.98999999999998,108.3214376307187,96.033279,96.033279,83.76256505375378,98.2560863618601,90.42945750718408,96.59070701788863,93.26213159507495,129.4363071277965,102.47587804760863,89.1014327185931,109.39844773333334,110.78577159517246,88.9091726051586,88.37662312243987,87.4517212977628,102.93100745651428,107.45030500011777,92.48430916778541,103.77726006946457,BRL
Farming Simulator 25,68.59127900000001,68.75,41.01045031851097,50.06792900000001,50.06792900000001,55.097977526066536,66.97856910251402,60.69846647778132,43.41155371590501,39.94218340854644,87.16379939209727,66.65620033205388,43.762982671214694,45.718372,36.82522148894816,33.53022324525447,49.97487617042731,45.74397729421439,51.20945644602701,51.38225111283827,63.85956876295384,56.074328446727364,PHP
Warhammer 40000 Space Marine 2,82.312279,79.99,42.6521817163697,54.870279000000004,48.00977900000001,49.392733788334446,80.38321935651948,90.42945750718408,68.86651021295839,47.58662042453619,78.89791040280403,58.59876889157,44.54275945335633,91.10744000000001,69.69657709171452,47.951824641062835,43.662260233110175,46.1644182619921,43.721038443115525,54.61383923314257,62.60016556840868,74.36045223544329,UAH
Kingdom Come Deliverance II,82.312279,79.99,52.502570103522054,61.730779000000005,61.730779000000005,73.87907655183592,80.38321935651948,74.65043992174687,59.98687422561418,43.57329099114157,95.25309893480109,69.58690789508806,53.47040791828413,81.96010666666668,73.65044297789632,57.294618745314025,52.55252767816514,53.90053206910188,51.72412435000718,60.72154078051768,64.02179697106475,82.07710293912137,CNY
Forza Horizon 5,82.312279,79.99,39.36871892065224,44.97743800000001,44.97743800000001,61.52471592443861,80.38321935651948,70.03669208974767,59.098910626879764,47.39550949913645,93.89298447383555,102.47587804760863,55.68242776966553,91.10744000000001,77.44925529991413,72.0839709767155,52.07908148286636,58.77764729532327,51.4642170584972,64.30860359405546,62.47209066726849,78.94367507762784,UAH
Crusader Kings III,68.59127900000001,66.99,40.02541147979573,41.149279,41.149279,44.473227386504846,62.510352351178845,64.50019469134864,54.26444214488125,37.83996322914926,87.16379939209727,56.182271953192156,42.951378265312165,54.884,48.84187271165756,48.04796865036822,43.662260233110175,45.15527585113205,42.46010207836411,55.26015685720342,50.09151689038384,59.30129146826547,CNY
House Flipper 2,35.660879,33.7,12.312985483940443,21.391039000000003,14.256119000000002,17.343051448740344,33.97632017715254,32.73915461586624,27.22101743231407,16.892294696083347,24.418187518825818,19.37739012059642,16.550364355659376,23.183001600000004,16.629494756588166,17.18574166333831,14.992462851128193,16.39711365513697,15.496650588842948,18.69473727596034,17.06384599524411,19.59561602934009,UAH
Warhammer 40000 Rogue Trader,68.59127900000001,42.23,26.234867737782434,34.288779,34.288779,30.8834306963678,62.54609808518952,59.978721815989445,52.29118970324921,35.928853975151824,75.14068813494347,38.088943406701944,31.82762376088341,34.37567866666667,32.17361456402839,33.6504032568862,30.77400269442103,31.61707668868992,25.730821859488646,38.455898631621096,33.86869607929363,34.888614696629375,KZT
Stronghold Crusader Definitive Edition,24.684079,23.39,12.247316228026094,12.952624,12.952624,13.340238605463618,23.726230949589684,19.10091602447664,19.09121737279004,13.071987297342474,31.10604315561763,15.030039611571706,12.603739009309832,13.483169333333334,12.908209216652354,13.303927287633222,12.30960107776841,12.562692029004294,12.043228953136001,14.251303610541935,13.447864619719526,13.796436106575959,KZT
Broken Arrow,68.59127900000001,64.99,30.372030860386424,31.544579,31.544579,33.35430282184726,65.6827862446268,50.75122615199107,52.29118970324921,32.10663546715695,71.38346586708289,37.72269652304358,31.82762376088341,34.37567866666667,32.17361456402839,33.6504032568862,30.77400269442103,31.61707668868992,30.108072382840003,35.54746932334724,33.86869607929363,34.888614696629375,KZT
Euro Truck Simulator 2,6.846779000000001,6.49,3.2834627957174516,3.457692,3.457692,3.827380922367687,6.586151491468022,6.413109486478872,6.117082569059341,4.204440358794362,7.510687313453271,4.485791831047572,3.660176732501592,5.3896088,4.244591318989287,3.8758053751235,3.682359296768328,3.6997964282502553,3.3453413758711115,4.362643962410797,3.8778233956334085,5.004131062385177,UAH
EA SPORTS FC 25,96.033279,89.98999999999998,55.786032899239494,96.033279,96.033279,73.87907655183592,34.85209066041423,90.42945750718408,21.705776857952504,22.551089197169762,120.1935403488595,95.15094037444148,15.897898068561263,98.42530666666667,93.02826215929126,84.10197213988916,25.776515077378296,20.097078259774335,59.184235618199764,25.529546150403924,89.51012535241885,98.1651504667896,INR
Street Fighter 6,54.870279000000004,54.99,39.36871892065224,41.149279,41.149279,44.22861104608238,56.25484889930963,46.045203363351895,44.20085469255782,37.83996322914926,63.49705632684357,46.07385796422147,39.768615889223824,47.56613333333333,44.11273900465579,47.8316446294311,41.76847545191504,41.20321484221517,41.170858978893776,45.88855130832098,42.549328267684004,52.84736542518927,CNY
Black Myth Wukong,82.312279,79.99,55.786032899239494,82.312279,82.312279,56.82758801390216,80.38321935651948,70.03669208974767,63.93337910887828,51.21772800713132,93.55483446972809,73.17612735493996,57.273808957709704,83.78957333333334,65.82023798761472,62.46957004617659,68.33406752145798,58.86165140068526,51.4642170584972,70.77177983466404,56.920755230069986,59.86250242853297,CNY
Diablo IV,68.59127900000001,66.99,55.68752901536798,68.59127900000001,68.59127900000001,56.80535016477284,66.97856910251402,61.82422094878911,61.56547617891982,66.50660203911082,80.9681398723952,73.17612735493996,66.2014574226375,68.96723440000001,69.46399674546852,72.10800697904186,63.12615937317134,62.56161600532262,58.19349990303793,76.75021785722699,67.59508671287593,73.65893853510892,UAH
Hearts of Iron IV,68.59127900000001,66.99,40.02541147979573,41.149279,41.149279,44.473227386504846,62.510352351178845,64.50019469134864,54.26444214488125,NA,87.16379939209727,56.182271953192156,42.951378265312165,54.884,48.84187271165756,48.04796865036822,43.662260233110175,45.15527585113205,42.46010207836411,55.26015685720342,50.09151689038384,59.30129146826547,UAH
7 Days to Die,61.730779000000005,57.99,27.41691434424072,28.800379,28.800379,30.142169058723958,58.93577895011073,45.21472875359204,46.37143237835307,29.048860660761047,78.33432706262495,34.06022768646,28.64486138479507,30.914327733333334,29.072543280748544,30.04500290793411,27.617694725762462,28.505813527134897,27.020064958958976,32.315881203042935,30.59567082793331,31.334278614935226,KZT
Mount  Blade II Bannerlord,68.59127900000001,64.99,27.87659913564116,27.428279,34.288779,49.414971637463765,64.78914289435977,59.978721815989445,59.19757324896136,47.39550949913645,86.41235493852517,65.92370656473716,39.768615889223824,69.15384,65.82023798761472,43.263602387308794,42.08410624878089,46.1644182619921,40.9160983664236,48.150662992533974,42.549328267684004,65.42784445118563,TRY
The Last of Us Part II Remastered,68.59127900000001,64.99,49.21910730780459,68.59127900000001,54.870279000000004,49.392733788334446,66.97856910251402,50.5666762387111,52.09386445908601,65.9332692629116,82.2831676661464,60.7237333105558,52.49966539357719,78.66706666666667,73.57291619581432,59.84964579260474,NA,61.3002931019895,48.89087753859634,67.54019171435975,49.80690599896121,55.65342022652674,KZT
Project Zomboid,27.428279,25.99,13.626370602227421,14.393329000000001,14.393329000000001,14.822761880751294,26.362478832877425,21.223240027196265,21.21246374754449,14.524430330380524,34.56268764204935,16.70012540105382,14.0041544547887,14.983332,14.342454685169283,14.782141430703582,13.677334530853791,13.958556042026276,13.381365503484446,15.83478178949104,14.942071799688364,15.339766247311573,KZT
Assetto Corsa,27.428279,22.79,13.626370602227421,14.393329000000001,14.393329000000001,14.822761880751294,25.870974990230557,18.91636611119667,20.225837526728466,14.524430330380524,27.04824310632821,16.70012540105382,14.0041544547887,14.983332,14.342454685169283,14.782141430703582,13.677334530853791,13.958556042026276,13.381365503484446,15.83478178949104,14.942071799688364,14.87209044708866,KZT
Dead Cells,13.707279000000002,11.99,4.301336262389861,6.846779000000001,6.846779000000001,4.692186166285499,12.850591376839912,9.153675698686389,10.181982598821355,6.115549612791799,13.522242942030179,6.855409168317149,3.994366781990868,10.2413544,6.666527991230845,5.287439791749875,4.629251687365898,5.045207525138914,3.3968081662691283,5.687595091735558,5.690794773995597,13.048154826219294,KZT
ARK Survival Evolved,20.567779,19.49,10.671254086081717,20.567779,20.567779,11.610628117627995,19.61547153836134,15.686742628797239,16.279332643464375,11.084433673185137,25.545354199183986,13.110905941201908,10.980530197504777,12.056185333333335,11.241383401889436,11.657461128278433,10.784052226250104,11.015469267582336,10.550692031593506,12.441614263171532,11.811351994039372,12.533711445974088,KZT
Raft,27.428279,21.99,9.160861200051688,27.428279,27.428279,9.139755992148531,25.870974990230557,18.270441414716785,20.71915063713648,12.995542927182575,27.04824310632821,13.18415531793358,8.991303712449565,20.49002666666667,16.97836527595715,12.016799363057327,9.88976496846351,11.43591023536004,6.819349727737265,12.280034857156316,13.519017342575184,21.887227450432366,KZT
V Rising,23.998029,22.49,9.160861200051688,12.335179000000002,12.335179000000002,12.598976967819778,22.76109613130129,15.686742628797239,17.019302309076394,10.319989971586162,27.04824310632821,13.62365157832361,8.418406484753662,12.787972000000002,10.078481670659496,9.602382929375741,9.88976496846351,9.165529009360432,6.819349727737265,12.603193669186746,10.957519319771466,13.23522514630846,KZT
The Elder Scrolls IV Oblivion Remastered,68.59127900000001,66.99,59.06949569495695,48.00977900000001,48.00977900000001,65.45340260395095,75.91500260518431,63.94654495150874,55.15240574361567,47.58662042453619,93.55483446972809,73.17612735493996,66.23328504639838,73.17866666666667,81.32559440401393,48.07176429267131,44.7143628893297,58.77764729532327,46.31753801869549,68.81666902187993,51.228537401617274,70.10460245341478,VND
Two Point Museum,32.916679,31.99,31.48840821093036,27.428279,27.428279,25.0842938178675,34.28015891624332,28.69751151503495,29.99343711280709,24.15642097052761,38.77453380432104,26.36977562340179,25.446185196826285,35.12576000000001,35.29019120372463,24.99648097930812,24.250966225859987,24.217399743995852,28.821402622889575,25.594177912810007,27.321222522115896,37.367296437810815,CNY
FANTASY LIFE i The Girl Who Steals Time,82.312279,79.99,65.63642128639185,68.59127900000001,68.59127900000001,74.10145504312906,81.2768627067865,70.84871170817954,63.93337910887828,51.21772800713132,101.06927900544922,73.24937673167165,79.48949034280632,82.32600000000001,89.07827261221354,79.1986276653143,78.8550940836532,69.70911245754363,64.53935515911344,81.98862220024024,71.15129980120176,72.44298145452935,CNY
Monster Hunter Wilds,96.033279,89.98999999999998,65.63642128639185,72.021529,72.021529,68.93733230087699,93.78786961052494,91.35220707358393,83.66590352519873,70.32882054710569,112.34094580903093,87.8260027012743,71.59623965010724,102.08424000000001,100.70728992451295,83.88564811895203,73.1211346072568,73.07264019976527,66.38958627392215,80.46654419557692,85.24096198107932,93.06748424435985,UAH
 ,32.916679,31.189999999999998,15.760621419443765,16.451479000000003,16.451479000000003,17.59013866128829,31.420500195388822,25.836987859195453,25.257631252890185,12.231099225583598,32.45864317204743,19.630100470320684,16.550364355659376,17.99829306666667,16.745784929711164,17.498209693580822,16.202380905780643,16.548472403536945,15.645904280997197,18.613947572952732,17.6458752682034,14.87209044708866,CNY
PATAPON 12 REPLAY,41.149279,39.99,31.160061931358612,27.428279,32.916679,33.9744917253426,35.7010518431679,36.54088282943357,39.26772358847771,26.37330770516464,48.468167255401305,35.81894522178744,31.81170994900297,36.863753333333335,44.11273900465579,28.819166789290396,25.776515077378296,28.50589761532845,38.21151853100779,31.99272239101251,32.72882945914597,46.29990422206846,VND
Rune Factory Guardians of Azuma,82.312279,79.99,36.938956451821326,54.870279000000004,54.870279000000004,59.29846013938162,78.59593265598542,70.84871170817954,64.92000532969429,49.30661875313388,103.31985514389771,73.24864423790433,63.018695046549155,65.85714106666667,63.57196130723682,59.84964579260474,55.76144077963468,56.84361884354582,55.584133629858464,64.30860359405546,56.920755230069986,79.03721023767244,UAH
Core Keeper,19.195679000000002,18.19,9.52204210758061,9.590979,9.590979,10.375192054888263,18.453735183014196,14.856268019037387,14.848724623281143,10.167101231266368,21.03668747775131,11.689868032607478,9.802908118352091,10.2303776,10.039718279618498,10.347499001492507,9.574134171597654,9.770964002960326,9.366955852439112,11.08434725264373,10.459450259781853,10.709775825104726,KZT
shapez 2,23.998029,22.75,8.73401103660842,8.630509,9.508653,9.51038681097045,23.109617037905434,18.085891501436816,17.2659588642804,10.033323583486546,17.091604096497715,14.509969036776837,7.797767821416436,12.791630933333334,10.311062016905485,10.936381058488015,10.126488066112902,9.417793590027054,7.745751954901573,13.798881273699335,12.949795559729914,13.328760306353043,KZT
Grand Theft Auto V Enhanced,27.153859,27.71,28.861637974356398,27.153859,27.153859,24.449279681619277,26.71099973948157,26.307590138059368,23.876354543747752,18.835892807398743,31.245060379528468,28.974523459980034,26.241875790848372,27.529814400000003,28.96090471455047,27.169335589609915,23.724914897750228,24.382212603364714,25.473487907498562,26.589507053863734,25.351715153471254,27.546104633129623,CNY
Victoria 3,68.59127900000001,66.99,40.02541147979573,41.149279,41.149279,44.473227386504846,62.510352351178845,64.50019469134864,54.26444214488125,37.83996322914926,87.16379939209727,56.182271953192156,42.951378265312165,54.884,48.84187271165756,48.04796865036822,43.662260233110175,45.15527585113205,42.46010207836411,55.26015685720342,50.09151689038384,59.30129146826547,CNY
DJMAX RESPECT V,68.59127900000001,56.99,34.47635935503324,68.59127900000001,68.59127900000001,24.459163170121194,62.510352351178845,45.95292840671191,49.13398579663793,26.37330770516464,67.62624359922233,62.2619702219209,50.90828420553302,61.47008,50.31488157121548,54.80208530407181,54.814548389037114,58.0208535533234,43.74677183831454,60.10753903765987,26.326507456593784,32.64377085555938,BRL
The Binding of Isaac Rebirth,20.567779,16.99,7.519129802192963,20.567779,20.567779,6.915971079217014,17.863930571837958,13.656693582717596,15.292706422648354,9.173324419187699,20.2852430241792,10.986674015983432,7.304439653122743,10.610906666666667,8.140312118609593,9.325968902622748,8.679846913811058,8.072382493138395,6.176014847762051,10.017923172943311,9.107548525524335,12.533711445974088,KZT
9 Kings,13.364254,12.99,4.235667006475512,7.121199000000001,7.121199000000001,6.421796654121122,11.581617819460726,11.156042257774036,9.5505418174991,6.086882973981838,12.207215148278978,9.521686481349999,5.156075049263113,11.876897600000001,10.028089262306198,6.24839916475724,6.8123646990214075,5.46564849291662,6.523415682948667,7.14180974587249,6.844891938714384,12.112803225773469,UAH
Tom Clancys The Division 2,41.149279,39.99,21.30967354420626,32.916679,32.916679,37.06061101006646,44.63748534583822,38.57093187551321,33.54529150774478,NA,45.04909499164819,43.87637666227132,33.40309113704714,42.43996773333333,41.786935542195906,28.819166789290396,25.776515077378296,29.346779550883863,29.07616323535976,31.99272239101251,36.71338193906286,39.70567543892538,UAH
Terraria,13.707279000000002,11.49,5.549052124762492,7.944459000000001,7.944459000000001,5.1122344276170075,12.957828578871956,9.319770620638359,10.852888428976252,8.026658866789237,13.522242942030179,8.34969645364325,5.553920346274155,8.031358666666668,6.124615784477694,6.969238874524396,6.312615937317133,5.886089460694326,4.760678111816581,7.594232082715091,6.26143961129798,8.698769884146197,KZT
TEKKEN 8,82.312279,79.99,59.06949569495695,54.870279000000004,65.84707900000001,73.36019340548523,75.91500260518431,73.08176565886714,68.86651021295839,47.39550949913645,97.31205673758866,72.44363358762325,55.68242776966553,75.28255333333334,89.07827261221354,60.06596981354187,52.07908148286636,50.368827939769155,76.45134379673449,64.30860359405546,68.30519088697541,74.36045223544329,CNY
Dont Starve Together,20.567779,16.99,7.519129802192963,9.042139,9.042139,6.915971079217014,19.213332030741174,13.656693582717596,15.292706422648354,4.586662209593849,20.2852430241792,10.986674015983432,7.304439653122743,10.958505333333333,8.140312118609593,9.372839107159125,8.679846913811058,8.072382493138395,6.176014847762051,10.017923172943311,9.107548525524335,12.533711445974088,CNY
It Takes Two Friends Pass,0.0,0.0,0.0,0.0,0.0,0.0,0.0,0.0,0.0,24.15642097052761,0.0,0.0,0.0,0.0,0.0,0.0,0.0,0.0,0.0,0.0,0.0,0.0,USD
Sultans Game,29.143404,27.620000000000005,14.34873241728526,14.557981,14.557981,15.539314797140339,27.720816725283314,21.961439680316136,22.643071767727726,12.995542927182575,36.72309044606917,17.619405079036298,14.879414108212995,16.011492266666668,15.15648589703024,15.629410512707324,14.36120125739648,14.795233567903912,13.998966988260651,16.755784403777763,15.72475175110061,16.181582687712815,CNY
WUCHANG Fallen Feathers,68.59127900000001,62.99000000000001,49.21910730780459,48.00977900000001,48.00977900000001,49.1703552970413,63.40399570144588,66.99161852062821,59.00024800479816,47.39550949913645,63.49705632684357,51.27383121840284,47.72552182944467,51.221407733333336,54.26797218957646,46.8702045363772,48.396722186098025,49.61195010957573,46.320111358215385,48.150662992533974,48.241546096136716,59.86250242853297,KZT
It Takes Two,0.0,0.0,0.0,0.0,0.0,0.0,0.0,0.0,0.0,37.83996322914926,0.0,0.0,0.0,0.0,0.0,0.0,0.0,0.0,0.0,0.0,0.0,0.0,USD
 ,9.590979,10.0,7.387791290364265,7.944459000000001,7.944459000000001,8.151407141956746,9.830076852937346,9.227495663998376,8.879635987344205,6.306660538191543,17.279465209890745,9.082190220959967,7.638629702612018,8.228941066666666,7.752678208199613,8.052060779326341,7.469928859158609,7.651941525360691,7.462684607712479,8.644498221813986,8.18256312840077,8.79230504419078,CNY
Back to the Dawn,23.311979,22.089999999999996,11.55778904092543,9.892841,9.892841,12.598976967819778,22.403638791194478,21.177102548876274,18.025661054308735,12.670654354003009,29.377720912401763,14.194996716830648,11.903531286570397,12.733088,12.19108648239389,12.564820216098042,11.62573435122572,11.864760022493304,11.374160677961779,13.459564521067383,12.700761029735109,13.001387246197005,TRY
SCUM,40.120204,38.99,24.52746708400936,26.742229,26.742229,25.694599232860924,40.65183600364726,29.989360907994723,31.424045132990326,21.73886776422085,48.8401322599195,26.186652181572615,24.555011731521553,28.536021066666667,26.20327707589387,24.21627234379489,24.435084190698408,25.68885904302427,23.41481629157788,25.203155750253185,24.0496203252127,25.815704172304844,CNY
Party Animals,0.0,0.0,0.0,0.0,0.0,0.0,0.0,0.0,0.0,18.728870689174887,0.0,0.0,0.0,0.0,0.0,0.0,0.0,0.0,0.0,0.0,0.0,19.59561602934009,USD
Neon Abyss 2,24.684079,23.39,12.247316228026094,12.952624,12.952624,13.340238605463618,23.726230949589684,19.10091602447664,19.09121737279004,9.975990305866624,24.684950299843923,15.030039611571706,12.603739009309832,13.483169333333334,12.908209216652354,13.303927287633222,12.30960107776841,12.562692029004294,12.043228953136001,14.251303610541935,13.447864619719526,13.796436106575959,CNY
SnowRunner,20.567779,19.99,NA,14.393329000000001,13.021229000000002,12.342006266769916,20.080166080500195,22.976464203355956,17.1672962421988,12.32665468828347,18.78235411703497,14.649142852567014,11.123754504428751,21.770653333333335,16.629494756588166,11.957911157357776,10.521026562195223,10.88942106544258,10.280491382003916,12.764773075201962,14.223429298846208,19.829453929451546,KZT
